query,mean,stdev
09.log,2800.8044,41.03769715517675
07.log,4006.6168,101.96382107738008
03.log,1121.8792,25.832656922972504
