query,mean,stdev
09.log,2703.3298,34.82550979813505
07.log,3939.1056,45.42783005273316
03.log,2877.089,22.24943518384231
