query,mean,stdev
09.log,4341.5199999999995,27.372654904119422
07.log,5610.5686000000005,50.9575697988043
03.log,9615.9626,714.9585498410377
